date,regime,pred,prob,actual,resolved_on,status,inputs,mode
2026-08-26,CALM CARRY,CALM CARRY,89.0,CALM CARRY,2026-09-02,HIT,complete,live
2026-08-27,CALM CARRY,CALM CARRY,89.0,CALM CARRY,2026-09-03,HIT,complete,live
2026-08-28,CALM CARRY,CALM CARRY,89.1,CALM CARRY,2026-09-04,HIT,lagged,live
2026-08-31,CALM CARRY,CALM CARRY,89.1,CALM CARRY,2026-09-08,HIT,lagged,live
2026-09-01,CALM CARRY,CALM CARRY,89.1,CALM CARRY,2026-09-09,HIT,lagged,live
2026-09-02,CALM CARRY,CALM CARRY,89.1,STEADY CARRY,2026-09-10,MISS,lagged,live
2026-09-03,CALM CARRY,CALM CARRY,89.1,CALM CARRY,2026-09-11,HIT,lagged,live
2026-09-04,CALM CARRY,CALM CARRY,89.1,STEADY CARRY,2026-09-14,MISS,lagged,live
2026-09-08,CALM CARRY,CALM CARRY,89.1,STEADY CARRY,2026-09-15,MISS,lagged,live
2026-09-09,CALM CARRY,CALM CARRY,89.1,STEADY CARRY,2026-09-16,MISS,lagged,live
2026-09-10,CALM CARRY,CALM CARRY,89.1,CALM CARRY,2026-09-17,HIT,lagged,live
2026-09-11,STEADY CARRY,STEADY CARRY,43.9,CALM CARRY,2026-09-18,MISS,lagged,live
2026-09-14,CALM CARRY,CALM CARRY,67.0,CALM CARRY,2026-09-21,HIT,lagged,live
2026-09-15,STEADY CARRY,STEADY CARRY,43.9,CALM CARRY,2026-09-22,MISS,lagged,live
2026-09-16,STEADY CARRY,STEADY CARRY,43.9,CALM CARRY,2026-09-23,MISS,lagged,live
2026-09-17,STEADY CARRY,STEADY CARRY,48.3,CALM CARRY,2026-09-24,MISS,lagged,live
2026-09-18,CALM CARRY,CALM CARRY,67.1,CALM CARRY,2026-09-25,HIT,lagged,live
2026-09-21,CALM CARRY,CALM CARRY,67.1,CALM CARRY,2026-09-28,HIT,lagged,live
2026-09-22,CALM CARRY,CALM CARRY,83.4,CALM CARRY,2026-09-29,HIT,lagged,live
2026-09-23,CALM CARRY,CALM CARRY,83.4,CALM CARRY,2026-09-30,HIT,lagged,live
2026-09-24,CALM CARRY,CALM CARRY,83.4,CALM CARRY,2026-10-01,HIT,lagged,live
2026-09-25,CALM CARRY,CALM CARRY,83.4,CALM CARRY,2026-10-02,HIT,lagged,live
2026-09-28,CALM CARRY,CALM CARRY,83.4,CALM CARRY,2026-10-05,HIT,lagged,live
2026-09-29,CALM CARRY,CALM CARRY,83.4,CALM CARRY,2026-10-06,HIT,lagged,live
2026-09-30,CALM CARRY,CALM CARRY,83.5,CALM CARRY,2026-10-07,HIT,lagged,live
2026-10-01,CALM CARRY,CALM CARRY,88.8,CALM CARRY,2026-10-08,HIT,lagged,live
2026-10-02,CALM CARRY,CALM CARRY,88.8,CALM CARRY,2026-10-09,HIT,lagged,live
2026-10-05,CALM CARRY,CALM CARRY,88.8,,,PENDING,complete,live
2026-10-06,CALM CARRY,CALM CARRY,88.8,,,PENDING,complete,live
2026-10-07,CALM CARRY,CALM CARRY,88.8,,,PENDING,complete,live
2026-10-08,CALM CARRY,CALM CARRY,88.8,,,PENDING,complete,live
2026-10-09,CALM CARRY,CALM CARRY,88.9,,,PENDING,complete,live
